{"arena_10_0.01": 0.2410411834716797, "arena_10_0.05": 0.1800060272216797, "arena_10_0.1": 0.15997886657714844, "arena_10_0.2": 0.17309188842773438, "arena_10_0.5": 0.2071857452392578, "arena_100_0.01": 1.344919204711914, "arena_100_0.05": 2.574920654296875, "arena_100_0.1": 4.345178604125977, "arena_100_0.2": 8.99195671081543, "arena_100_0.5": 26.985883712768555, "arena_500_0.01": 45.3188419342041, "arena_500_0.05": 143.16105842590332, "arena_500_0.1": 298.65288734436035, "arena_500_0.2": 728.4080982208252, "arena_500_0.5": 2835.905075073242, "arena_1000_0.01": 270.416259765625, "arena_1000_0.05": 1088.3378982543945, "arena_1000_0.1": 2354.4912338256836, "arena_1000_0.2": 5805.166959762573, "arena_1000_0.5": 23575.53505897522, "arena_5000_0.01": 24741.64581298828, "arena_5000_0.05": 131857.72895812988, "arena_5000_0.1": 322605.8061122894, "arena_5000_0.2": 738416.3031578064, "arena_5000_0.5": 2983041.302919388, "arena_10000_0.01": 186515.1708126068, "arena_10000_0.05": 1039196.8801021576, "arena_10000_0.1": 2477520.8089351654, "arena_10000_0.2": 6047698.616027832}