{"arena_10_0.01": 0.25916099548339844, "arena_10_0.1": 0.25272369384765625}