{
	"arena_10_0.01": 0.21910667419433594,
	"arena_10_0.1": 0.3342628479003906,
	"arena_10_0.05": 0.2498626708984375,
	"arena_10_0.2": 0.29587745666503906,
	"arena_10_0.5": 0.3058910369873047,
	"arena_50_0.01": 0.5881786346435547,
	"arena_50_0.05": 0.6928443908691406,
	"arena_50_0.1": 1.0921955108642578,
	"arena_50_0.2": 2.3717880249023438,
	"arena_50_0.5": 4.9877166748046875,
	"arena_100_0.01": 1.4150142669677734,
	"arena_100_0.05": 2.7129650115966797,
	"arena_100_0.1": 4.618167877197266,
	"arena_100_0.2": 8.952856063842773,
	"arena_100_0.5": 28.061866760253906,
	"arena_200_0.01": 5.540132522583008,
	"arena_200_0.05": 12.591838836669922,
	"arena_200_0.1": 22.42302894592285,
	"arena_200_0.2": 48.915863037109375,
	"arena_200_0.5": 194.93412971496582,
	"arena_500_0.01": 46.61822319030762,
	"arena_500_0.05": 146.51203155517578,
	"arena_500_0.1": 301.32102966308594,
	"arena_500_0.2": 742.5599098205566,
	"arena_500_0.5": 2830.250024795532,
	"arena_1000_0.01": 266.73007011413574,
	"arena_1000_0.05": 1087.951898574829,
	"arena_1000_0.1": 2356.5070629119873,
	"arena_1000_0.2": 5766.509056091309,
	"arena_1000_0.5": 24472.298860549927,
	"arena_5000_0.01": 24875.218152999878,
	"arena_5000_0.05": 128439.41569328308,
	"arena_5000_0.1": 293821.1760520935,
	"arena_5000_0.2": 736336.6911411285,
	"arena_5000_0.5": 3574739.077091217,
	"arena_10000_0.01": 187644.68383789062,
	"arena_10000_0.05": 1030016.7169570923,
	"arena_10000_0.1": 2333137.673854828,
	"arena_10000_0.2": 6379543.043136597
}
