{
	"arena_10_0.01": 0.35309791564941406,
	"arena_10_0.05": 0.2491474151611328,
	"arena_10_0.1": 0.2009868621826172,
	"arena_10_0.2": 0.2028942108154297,
	"arena_10_0.5": 0.2582073211669922,
	"arena_100_0.01": 1.2710094451904297,
	"arena_100_0.05": 2.362966537475586,
	"arena_100_0.1": 4.250049591064453,
	"arena_100_0.2": 8.160114288330078,
	"arena_100_0.5": 26.59296989440918,
	"arena_500_0.01": 42.76871681213379,
	"arena_500_0.05": 139.75811004638672,
	"arena_500_0.1": 297.75214195251465,
	"arena_500_0.2": 723.1180667877197,
	"arena_500_0.5": 2793.182849884033,
	"arena_1000_0.01": 256.06799125671387,
	"arena_1000_0.05": 1060.9211921691895,
	"arena_1000_0.1": 2318.3510303497314,
	"arena_1000_0.2": 5679.848909378052,
	"arena_1000_0.5": 23234.5290184021,
	"arena_5000_0.01": 23956.464052200317,
	"arena_5000_0.05": 136722.2671508789,
	"arena_5000_0.1": 301690.75179100037,
	"arena_5000_0.2": 745882.796049118,
	"arena_5000_0.5": 3081640.237092972,
	"arena_10000_0.01": 197288.21897506714,
	"arena_10000_0.05": 1065889.8420333862,
	"arena_10000_0.1": 2387262.03417778,
	"arena_10000_0.2": 6047698.616027832
}
