{
    "arena_100_0.1": {
        "none": 8.797097206115723,
        "incremental_bellman_ford": 13.891610232266514,
        "percentage_diff": 57.91129626951373
    },
    "arena_200_0.1": {
        "none": 10.52546501159668,
        "incremental_bellman_ford": 30.519767241044477,
        "percentage_diff": 189.96122458645394
    },
    "arena_300_0.1": {
        "none": 18.537163734436035,
        "incremental_bellman_ford": 84.99789237976074,
        "percentage_diff": 358.52695481058004
    },
    "arena_400_0.1": {
        "none": 28.151845932006836,
        "incremental_bellman_ford": 188.70173801075327,
        "percentage_diff": 570.2996971016083
    },
    "arena_500_0.1": {
        "none": 41.80247783660889,
        "incremental_bellman_ford": 345.9360599517822,
        "percentage_diff": 727.5491737688949
    },
    "arena_1000_0.1": {
        "none": 161.30680304307205,
        "incremental_bellman_ford": 2533.8624807504507,
        "percentage_diff": 1470.8342320031352
    },
    "arena_2000_0.1": {
        "none": 616.5754318237305,
        "incremental_bellman_ford": 19574.67926873101,
        "percentage_diff": 3074.7420118301297
    },
    "arena_5000_0.1": {
        "none": 3977.022833294339,
        "incremental_bellman_ford": 302137.2917294502,
        "percentage_diff": 7497.072091214949
    },
    "arena_10000_0.1": {
        "none": 16232.088565826416
    },
    "arena_100_0.2": {
        "none": 7.394041333879743,
        "incremental_bellman_ford": 19.25492286682129,
        "percentage_diff": 160.41135013128195
    },
    "arena_200_0.2": {
        "none": 12.709413255964007,
        "incremental_bellman_ford": 65.14543294906616,
        "percentage_diff": 412.5762427978025
    },
    "arena_300_0.2": {
        "none": 22.73392677307129,
        "incremental_bellman_ford": 183.59088897705078,
        "percentage_diff": 707.5634746678132
    },
    "arena_400_0.2": {
        "none": 36.77691732134138,
        "incremental_bellman_ford": 424.9080717563629,
        "percentage_diff": 1055.3661989766385
    },
    "arena_500_0.2": {
        "none": 62.838860920497346,
        "incremental_bellman_ford": 836.2679183483124,
        "percentage_diff": 1230.8132994427513
    },
    "arena_1000_0.2": {
        "none": 214.724029813494,
        "incremental_bellman_ford": 6139.796078205109,
        "percentage_diff": 2759.389367616676
    },
    "arena_2000_0.2": {
        "none": 871.3350977216448,
        "incremental_bellman_ford": 48258.02633166313,
        "percentage_diff": 5438.400376370419
    },
    "arena_5000_0.2": {
        "none": 5493.532930101667,
        "incremental_bellman_ford": 748035.2919995785,
        "percentage_diff": 13516.652553418568
    },
    "arena_100_0.3": {
        "none": 9.293692452566964,
        "incremental_bellman_ford": 24.98599886894226,
        "percentage_diff": 168.8489962032368
    },
    "arena_200_0.3": {
        "none": 15.08951187133789,
        "incremental_bellman_ford": 100.13669729232788,
        "percentage_diff": 563.6178701216622
    },
    "arena_300_0.3": {
        "none": 30.611583164760045,
        "incremental_bellman_ford": 306.24085664749146,
        "percentage_diff": 900.4084238283859
    },
    "arena_400_0.3": {
        "none": 55.513995034354075,
        "incremental_bellman_ford": 732.0228815078735,
        "percentage_diff": 1218.627638048516
    },
    "arena_500_0.3": {
        "none": 76.7343384878976,
        "incremental_bellman_ford": 1387.5841200351715,
        "percentage_diff": 1708.296190960216
    },
    "arena_1000_0.3": {
        "none": 281.7713873726981,
        "incremental_bellman_ford": 10700.748085975647,
        "percentage_diff": 3697.6702268288873
    },
    "arena_2000_0.3": {
        "none": 1104.5808110918317,
        "incremental_bellman_ford": 87520.10476589203,
        "percentage_diff": 7823.37725651617
    },
    "arena_5000_0.3": {
        "none": 7334.852525166103,
        "incremental_bellman_ford": 1354936.9868210384,
        "percentage_diff": 18372.58662900458
    },
    "arena_100_0.4": {
        "none": 8.312531879970006,
        "incremental_bellman_ford": 31.93954059055873,
        "percentage_diff": 284.23360116694045
    },
    "arena_200_0.4": {
        "none": 17.110279628208705,
        "incremental_bellman_ford": 150.19982201712472,
        "percentage_diff": 777.8338243490724
    },
    "arena_300_0.4": {
        "none": 32.0063659123012,
        "incremental_bellman_ford": 483.67599078587125,
        "percentage_diff": 1411.1868436146858
    },
    "arena_400_0.4": {
        "none": 59.047051838466096,
        "incremental_bellman_ford": 1117.9478509085518,
        "percentage_diff": 1793.316966894301
    },
    "arena_500_0.4": {
        "none": 87.63548306056431,
        "incremental_bellman_ford": 2126.8437249319895,
        "percentage_diff": 2326.9207524789263
    },
    "arena_1000_0.4": {
        "none": 333.7396894182478,
        "incremental_bellman_ford": 16881.967033658708,
        "percentage_diff": 4958.423546532987
    },
    "arena_2000_0.4": {
        "none": 1321.2448528834752,
        "incremental_bellman_ford": 135205.4088115692,
        "percentage_diff": 10133.183388869815
    },
    "arena_5000_0.4": {
        "none": 8895.02910205296,
        "incremental_bellman_ford": 2166967.5516287484,
        "percentage_diff": 24261.556626370286
    },
    "arena_100_0.5": {
        "none": 11.571134839739118,
        "incremental_bellman_ford": 38.67983818054199,
        "percentage_diff": 234.2786919023931
    },
    "arena_200_0.5": {
        "none": 19.665139062064036,
        "incremental_bellman_ford": 213.21654319763184,
        "percentage_diff": 984.2361324001378
    },
    "arena_300_0.5": {
        "none": 45.69925580705915,
        "incremental_bellman_ford": 695.6181526184082,
        "percentage_diff": 1422.1651651293548
    },
    "arena_400_0.5": {
        "none": 68.05569784981864,
        "incremental_bellman_ford": 1617.7574793497722,
        "percentage_diff": 2277.108060694264
    },
    "arena_500_0.5": {
        "none": 98.9281449999128,
        "incremental_bellman_ford": 3023.343284924825,
        "percentage_diff": 2956.1002482432978
    },
    "arena_1000_0.5": {
        "none": 392.44859559195385,
        "incremental_bellman_ford": 24094.969391822815,
        "percentage_diff": 6039.649794256218
    },
    "arena_2000_0.5": {
        "none": 1572.5272042410713,
        "incremental_bellman_ford": 196792.67330964407,
        "percentage_diff": 12414.420912967264
    },
    "arena_5000_0.5": {
        "none": 11144.151449203491,
        "incremental_bellman_ford": 3124667.78477033,
        "percentage_diff": 27938.63352910248
    }
}