{
    "arena_100_0.1": {
        "none": 8.797097206115723,
        "incremental_bellman_ford": 13.891610232266514,
        "bellman_ford": 27.430432183401926,
        "percentage_diff": 211.81231195595234
    },
    "arena_200_0.1": {
        "none": 10.52546501159668,
        "incremental_bellman_ford": 30.519767241044477,
        "bellman_ford": 133.681058883667,
        "percentage_diff": 1170.0727116225337
    },
    "arena_300_0.1": {
        "none": 18.537163734436035,
        "incremental_bellman_ford": 84.99789237976074,
        "bellman_ford": 413.6777605329241,
        "percentage_diff": 2131.6130259153133
    },
    "arena_400_0.1": {
        "none": 28.151845932006836,
        "incremental_bellman_ford": 188.70173801075327,
        "bellman_ford": 1027.3571355002266,
        "percentage_diff": 3549.3419933510922
    },
    "arena_500_0.1": {
        "none": 41.80247783660889,
        "incremental_bellman_ford": 345.9360599517822,
        "bellman_ford": 1949.5282173156738,
        "percentage_diff": 4563.666648985954
    },
    "arena_1000_0.1": {
        "none": 161.30680304307205,
        "incremental_bellman_ford": 2533.8624807504507,
        "bellman_ford": 15409.405628840128,
        "percentage_diff": 9452.855389940074
    },
    "arena_2000_0.1": {
        "none": 616.5754318237305,
        "incremental_bellman_ford": 19574.67926873101,
        "bellman_ford": 126688.27366828918,
        "percentage_diff": 20447.08428676208
    },
    "arena_5000_0.1": {
        "none": 3977.022833294339,
        "incremental_bellman_ford": 302137.2917294502,
        "bellman_ford": 1932202.4114727974,
        "percentage_diff": 48484.14176798354
    },
    "arena_10000_0.1": {
        "none": 16232.088565826416
    },
    "arena_100_0.2": {
        "none": 7.394041333879743,
        "incremental_bellman_ford": 19.25492286682129,
        "bellman_ford": 42.31369495391846,
        "percentage_diff": 472.26749274494455
    },
    "arena_200_0.2": {
        "none": 12.709413255964007,
        "incremental_bellman_ford": 65.14543294906616,
        "bellman_ford": 252.15774774551392,
        "percentage_diff": 1884.0235160123275
    },
    "arena_300_0.2": {
        "none": 22.73392677307129,
        "incremental_bellman_ford": 183.59088897705078,
        "bellman_ford": 824.8645067214966,
        "percentage_diff": 3528.3415309429174
    },
    "arena_400_0.2": {
        "none": 36.77691732134138,
        "incremental_bellman_ford": 424.9080717563629,
        "bellman_ford": 1982.81329870224,
        "percentage_diff": 5291.4613924197165
    },
    "arena_500_0.2": {
        "none": 62.838860920497346,
        "incremental_bellman_ford": 836.2679183483124,
        "bellman_ford": 3844.644248485565,
        "percentage_diff": 6018.258975683445
    },
    "arena_1000_0.2": {
        "none": 214.724029813494,
        "incremental_bellman_ford": 6139.796078205109,
        "bellman_ford": 29931.28216266632,
        "percentage_diff": 13839.418978241127
    },
    "arena_2000_0.2": {
        "none": 871.3350977216448,
        "incremental_bellman_ford": 48258.02633166313,
        "bellman_ford": 240585.92587709427,
        "percentage_diff": 27511.182713306862
    },
    "arena_5000_0.2": {
        "none": 5493.532930101667,
        "incremental_bellman_ford": 748035.2919995785,
        "bellman_ford": 3754255.567252636,
        "percentage_diff": 68239.54788331735
    },
    "arena_100_0.3": {
        "none": 9.293692452566964,
        "incremental_bellman_ford": 24.98599886894226,
        "bellman_ford": 57.21646547317505,
        "percentage_diff": 515.6483632872054
    },
    "arena_200_0.3": {
        "none": 15.08951187133789,
        "incremental_bellman_ford": 100.13669729232788,
        "bellman_ford": 365.0047183036804,
        "percentage_diff": 2318.9299257386633
    },
    "arena_300_0.3": {
        "none": 30.611583164760045,
        "incremental_bellman_ford": 306.24085664749146,
        "bellman_ford": 1211.3863229751587,
        "percentage_diff": 3857.2808647469847
    },
    "arena_400_0.3": {
        "none": 55.513995034354075,
        "incremental_bellman_ford": 732.0228815078735,
        "bellman_ford": 2904.7626852989197,
        "percentage_diff": 5132.48720165311
    },
    "arena_500_0.3": {
        "none": 76.7343384878976,
        "incremental_bellman_ford": 1387.5841200351715,
        "bellman_ford": 5582.117259502411,
        "percentage_diff": 7174.60139684766
    },
    "arena_1000_0.3": {
        "none": 281.7713873726981,
        "incremental_bellman_ford": 10700.748085975647,
        "bellman_ford": 44597.92971611023,
        "percentage_diff": 15727.699942123894
    },
    "arena_2000_0.3": {
        "none": 1104.5808110918317,
        "incremental_bellman_ford": 87520.10476589203,
        "bellman_ford": 359876.78158283234,
        "percentage_diff": 32480.39411594606
    },
    "arena_5000_0.3": {
        "none": 7334.852525166103,
        "incremental_bellman_ford": 1354936.9868210384,
        "bellman_ford": 5685299.285829067,
        "percentage_diff": 77410.75112038902
    },
    "arena_100_0.4": {
        "none": 8.312531879970006,
        "incremental_bellman_ford": 31.93954059055873,
        "bellman_ford": 72.40498065948486,
        "percentage_diff": 771.0340207410563
    },
    "arena_200_0.4": {
        "none": 17.110279628208705,
        "incremental_bellman_ford": 150.19982201712472,
        "bellman_ford": 490.6540513038635,
        "percentage_diff": 2767.5980870292224
    },
    "arena_300_0.4": {
        "none": 32.0063659123012,
        "incremental_bellman_ford": 483.67599078587125,
        "bellman_ford": 1624.4946718215942,
        "percentage_diff": 4975.536148879816
    },
    "arena_400_0.4": {
        "none": 59.047051838466096,
        "incremental_bellman_ford": 1117.9478509085518,
        "bellman_ford": 3982.0001125335693,
        "percentage_diff": 6643.774648439777
    },
    "arena_500_0.4": {
        "none": 87.63548306056431,
        "incremental_bellman_ford": 2126.8437249319895,
        "bellman_ford": 7493.231773376465,
        "percentage_diff": 8450.454121646071
    },
    "arena_1000_0.4": {
        "none": 333.7396894182478,
        "incremental_bellman_ford": 16881.967033658708,
        "bellman_ford": 59643.52649450302,
        "percentage_diff": 17771.271648412432
    },
    "arena_2000_0.4": {
        "none": 1321.2448528834752,
        "incremental_bellman_ford": 135205.4088115692,
        "bellman_ford": 481969.5315361023,
        "percentage_diff": 36378.44156094576
    },
    "arena_5000_0.4": {
        "none": 8895.02910205296,
        "incremental_bellman_ford": 2166967.5516287484,
        "bellman_ford": 7549169.009923935,
        "percentage_diff": 84769.52570151341
    },
    "arena_100_0.5": {
        "none": 11.571134839739118,
        "incremental_bellman_ford": 38.67983818054199,
        "bellman_ford": 88.38832378387451,
        "percentage_diff": 663.8691019338887
    },
    "arena_200_0.5": {
        "none": 19.665139062064036,
        "incremental_bellman_ford": 213.21654319763184,
        "bellman_ford": 603.0510663986206,
        "percentage_diff": 2966.599552107744
    },
    "arena_300_0.5": {
        "none": 45.69925580705915,
        "incremental_bellman_ford": 695.6181526184082,
        "bellman_ford": 2004.5679807662964,
        "percentage_diff": 4286.434626483899
    },
    "arena_400_0.5": {
        "none": 68.05569784981864,
        "incremental_bellman_ford": 1617.7574793497722,
        "bellman_ford": 4823.808073997498,
        "percentage_diff": 6988.0296968556495
    },
    "arena_500_0.5": {
        "none": 98.9281449999128,
        "incremental_bellman_ford": 3023.343284924825,
        "bellman_ford": 9379.848957061768,
        "percentage_diff": 9381.476638493561
    },
    "arena_1000_0.5": {
        "none": 392.44859559195385,
        "incremental_bellman_ford": 24094.969391822815,
        "bellman_ford": 74313.16566467285,