{
    "arena_100_0.1": {
        "none": 8.797097206115723,
        "incremental_bellman_ford": 13.891610232266514,
        "bellman_ford": 27.431964874267578,
        "percentage_diff": 211.82973464470683
    },
    "arena_200_0.1": {
        "none": 10.52546501159668,
        "incremental_bellman_ford": 30.519767241044477,
        "bellman_ford": 133.11344385147095,
        "percentage_diff": 1164.6799329512764
    },
    "arena_300_0.1": {
        "none": 18.537163734436035,
        "incremental_bellman_ford": 84.99789237976074,
        "bellman_ford": 407.8208804130554,
        "percentage_diff": 2100.0176847737316
    },
    "arena_400_0.1": {
        "none": 28.151845932006836,
        "incremental_bellman_ford": 188.70173801075327,
        "bellman_ford": 1017.5331830978394,
        "percentage_diff": 3514.445694095568
    },
    "arena_500_0.1": {
        "none": 41.80247783660889,
        "incremental_bellman_ford": 345.9360599517822,
        "bellman_ford": 1984.239935874939,
        "percentage_diff": 4646.704115556575
    },
    "arena_1000_0.1": {
        "none": 161.30680304307205,
        "incremental_bellman_ford": 2533.8624807504507,
        "bellman_ford": 15529.204924901327,
        "percentage_diff": 9527.123364880481
    },
    "arena_2000_0.1": {
        "none": 616.5754318237305,
        "incremental_bellman_ford": 19574.67926873101,
        "bellman_ford": 125846.4595079422,
        "percentage_diff": 20310.553682897924
    },
    "arena_5000_0.1": {
        "none": 3977.022833294339,
        "incremental_bellman_ford": 302137.2917294502,
        "bellman_ford": 2019062.1128082275,
        "percentage_diff": 50668.180054318465
    },
    "arena_10000_0.1": {
        "none": 16232.088565826416
    },
    "arena_100_0.2": {
        "none": 7.394041333879743,
        "incremental_bellman_ford": 19.25492286682129,
        "bellman_ford": 41.810035705566406,
        "percentage_diff": 465.45580174121335
    },
    "arena_200_0.2": {
        "none": 12.709413255964007,
        "incremental_bellman_ford": 65.14543294906616,
        "bellman_ford": 245.92304229736328,
        "percentage_diff": 1834.9677073562912
    },
    "arena_300_0.2": {
        "none": 22.73392677307129,
        "incremental_bellman_ford": 183.59088897705078,
        "bellman_ford": 824.0361213684082,
        "percentage_diff": 3524.6977022222686
    },
    "arena_400_0.2": {
        "none": 36.77691732134138,
        "incremental_bellman_ford": 424.9080717563629,
        "bellman_ford": 1942.3820972442627,
        "percentage_diff": 5181.525039938876
    },
    "arena_500_0.2": {
        "none": 62.838860920497346,
        "incremental_bellman_ford": 836.2679183483124,
        "bellman_ford": 3766.075849533081,
        "percentage_diff": 5893.227430232791
    },
    "arena_1000_0.2": {
        "none": 214.724029813494,
        "incremental_bellman_ford": 6139.796078205109,
        "bellman_ford": 29841.403245925903,
        "percentage_diff": 13797.561102893647
    },
    "arena_2000_0.2": {
        "none": 871.3350977216448,
        "incremental_bellman_ford": 48258.02633166313,
        "bellman_ford": 240597.15270996094,
        "percentage_diff": 27512.471176596824
    },
    "arena_5000_0.2": {
        "none": 5493.532930101667,
        "incremental_bellman_ford": 748035.2919995785,
        "bellman_ford": 3758657.4051380157,
        "percentage_diff": 68319.67551596081
    },
    "arena_100_0.3": {
        "none": 9.293692452566964,
        "incremental_bellman_ford": 24.98599886894226,
        "bellman_ford": 57.008981704711914,
        "percentage_diff": 513.4158408584497
    },
    "arena_200_0.3": {
        "none": 15.08951187133789,
        "incremental_bellman_ford": 100.13669729232788,
        "bellman_ford": 364.2690181732178,
        "percentage_diff": 2314.0543529783536
    },
    "arena_300_0.3": {
        "none": 30.611583164760045,
        "incremental_bellman_ford": 306.24085664749146,
        "bellman_ford": 1187.143087387085,
        "percentage_diff": 3778.0845832035247
    },
    "arena_400_0.3": {
        "none": 55.513995034354075,
        "incremental_bellman_ford": 732.0228815078735,
        "bellman_ford": 2867.3107624053955,
        "percentage_diff": 5065.023271394896
    },
    "arena_500_0.3": {
        "none": 76.7343384878976,
        "incremental_bellman_ford": 1387.5841200351715,
        "bellman_ford": 5601.935148239136,
        "percentage_diff": 7200.428020400101
    },
    "arena_1000_0.3": {
        "none": 281.7713873726981,
        "incremental_bellman_ford": 10700.748085975647,
        "bellman_ford": 44777.10795402527,
        "percentage_diff": 15791.28987564615
    },
    "arena_2000_0.3": {
        "none": 1104.5808110918317,
        "incremental_bellman_ford": 87520.10476589203,
        "bellman_ford": 367170.5672740936,
        "percentage_diff": 33140.715716504346
    },
    "arena_5000_0.3": {
        "none": 7334.852525166103,
        "incremental_bellman_ford": 1354936.9868210384,
        "percentage_diff": 18372.58662900458
    },
    "arena_100_0.4": {
        "none": 8.312531879970006,
        "incremental_bellman_ford": 31.93954059055873,
        "percentage_diff": 284.23360116694045
    },
    "arena_200_0.4": {
        "none": 17.110279628208705,
        "incremental_bellman_ford": 150.19982201712472,
        "percentage_diff": 777.8338243490724
    },
    "arena_300_0.4": {
        "none": 32.0063659123012,
        "incremental_bellman_ford": 483.67599078587125,
        "percentage_diff": 1411.1868436146858
    },
    "arena_400_0.4": {
        "none": 59.047051838466096,
        "incremental_bellman_ford": 1117.9478509085518,
        "percentage_diff": 1793.316966894301
    },
    "arena_500_0.4": {
        "none": 87.63548306056431,
        "incremental_bellman_ford": 2126.8437249319895,
        "percentage_diff": 2326.9207524789263
    },
    "arena_1000_0.4": {
        "none": 333.7396894182478,
        "incremental_bellman_ford": 16881.967033658708,
        "percentage_diff": 4958.423546532987
    },
    "arena_2000_0.4": {
        "none": 1321.2448528834752,
        "incremental_bellman_ford": 135205.4088115692,
        "percentage_diff": 10133.183388869815
    },
    "arena_5000_0.4": {
        "none": 8895.02910205296,
        "incremental_bellman_ford": 2166967.5516287484,
        "percentage_diff": 24261.556626370286
    },
    "arena_100_0.5": {
        "none": 11.571134839739118,
        "incremental_bellman_ford": 38.67983818054199,
        "percentage_diff": 234.2786919023931
    },
    "arena_200_0.5": {
        "none": 19.665139062064036,
        "incremental_bellman_ford": 213.21654319763184,
        "percentage_diff": 984.2361324001378
    },
    "arena_300_0.5": {
        "none": 45.69925580705915,
        "incremental_bellman_ford": 695.6181526184082,
        "percentage_diff": 1422.1651651293548
    },
    "arena_400_0.5": {
        "none": 68.05569784981864,
        "incremental_bellman_ford": 1617.7574793497722,
        "percentage_diff": 2277.108060694264
    },
    "arena_500_0.5": {
        "none": 98.9281449999128,
        "incremental_bellman_ford": 3023.343284924825,
        "percentage_diff": 2956.1002482432978
    },
    "arena_1000_0.5": {
        "none": 392.44859559195385,
        "incremental_bellman_ford": 24094.969391822815,
        "percentage_diff": 6039.649794256218
    },
    "arena_2000_0.5": {
        "none": 1572.5272042410713,
        "incremental_bellman_ford": 196792.67330964407,
        "percentage_diff": 12414.420912967264
    },
    "arena_5000_0.5": {
        "none": 11144.151449203491,
        "incremental_bellman_ford": 3124667.78477033,
        "percentage_diff": 27938.63352910248
    }
}