{
    "arena_1000_0.01": {
        "naive": 26.006340980529785,
        "optimized": 12.542724609375
    },
    "arena_1000_0.05": {
        "naive": 118.30741167068481,
        "optimized": 82.16696977615356
    },
    "arena_1000_0.1": {
        "naive": 309.5448613166809,
        "optimized": 225.2219319343567
    },
    "arena_1000_0.2": {
        "naive": 1033.9170694351196,
        "optimized": 886.5772485733032
    },
    "arena_1000_0.3": {
        "naive": 1944.2073106765747,
        "optimized": 1465.4357433319092
    },
    "arena_1000_0.4": {
        "naive": 3794.336974620819,
        "optimized": 2632.160484790802
    },
    "arena_1000_0.5": {
        "naive": 4946.340024471283,
        "optimized": 4207.9673409461975
    },
    "arena_100_0.01": {
        "naive": 5.182743072509766,
        "optimized": 3.4940242767333984
    },
    "arena_100_0.05": {
        "naive": 3.771960735321045,
        "optimized": 3.090500831604004
    },
    "arena_100_0.1": {
        "naive": 3.6529898643493652,
        "optimized": 3.2809972763061523
    },
    "arena_100_0.2": {
        "naive": 4.486799240112305,
        "optimized": 4.530727863311768
    },
    "arena_100_0.3": {
        "naive": 6.680727005004883,
        "optimized": 4.834294319152832
    },
    "arena_100_0.4": {
        "naive": 7.147252559661865,
        "optimized": 7.752776145935059
    },
    "arena_100_0.5": {
        "naive": 8.580327033996582,
        "optimized": 7.090449333190918
    },
    "arena_10_0.01": {
        "naive": 2.4217963218688965,
        "optimized": 2.739548683166504
    },
    "arena_10_0.05": {
        "naive": 2.688467502593994,
        "optimized": 2.8144121170043945
    },
    "arena_10_0.1": {
        "naive": 2.8012990951538086,
        "optimized": 2.658724784851074
    },
    "arena_10_0.2": {
        "naive": 3.6292076110839844,
        "optimized": 2.802431583404541
    },
    "arena_10_0.5": {
        "naive": 2.3360252380371094,
        "optimized": 3.4377574920654297
    },
    "arena_2000_0.1": {
        "naive": 2353.027641773224,
        "optimized": 1729.368507862091
    },
    "arena_2000_0.2": {
        "naive": 8462.714493274689,
        "optimized": 7036.080002784729
    },
    "arena_2000_0.3": {
        "naive": 15615.227937698364,
        "optimized": 14013.740718364716
    },
    "arena_2000_0.4": {
        "naive": 26907.837748527527,
        "optimized": 23645.743489265442
    },
    "arena_2000_0.5": {
        "naive": 37480.27700185776,
        "optimized": 32745.616018772125
    },
    "arena_200_0.01": {
        "naive": 4.961252212524414,
        "optimized": 3.1545162200927734
    },
    "arena_200_0.05": {
        "naive": 6.094038486480713,
        "optimized": 5.171537399291992
    },
    "arena_200_0.1": {
        "naive": 7.422685623168945,
        "optimized": 5.464017391204834
    },
    "arena_200_0.2": {
        "naive": 14.08928632736206,
        "optimized": 10.00601053237915
    },
    "arena_200_0.3": {
        "naive": 21.118223667144775,
        "optimized": 16.052961349487305
    },
    "arena_200_0.4": {
        "naive": 32.172977924346924,
        "optimized": 26.285529136657715
    },
    "arena_200_0.5": {
        "naive": 39.85702991485596,
        "optimized": 32.94700384140015
    },
    "arena_300_0.1": {
        "naive": 17.052948474884033,
        "optimized": 15.464544296264648
    },
    "arena_300_0.2": {
        "naive": 31.63057565689087,
        "optimized": 35.433053970336914
    },
    "arena_300_0.3": {
        "naive": 58.416545391082764,
        "optimized": 45.90749740600586
    },
    "arena_300_0.4": {
        "naive": 99.49272871017456,
        "optimized": 82.58002996444702
    },
    "arena_300_0.5": {
        "naive": 161.06998920440674,
        "optimized": 113.32595348358154
    },
    "arena_400_0.1": {
        "naive": 33.1922173500061,
        "optimized": 26.94469690322876
    },
    "arena_400_0.2": {
        "naive": 81.50345087051392,
        "optimized": 64.60273265838623
    },
    "arena_400_0.3": {
        "naive": 151.78847312927246,
        "optimized": 110.83793640136719
    },
    "arena_400_0.4": {
        "naive": 230.66437244415283,
        "optimized": 172.50776290893555
    },
    "arena_400_0.5": {
        "naive": 361.5914583206177,
        "optimized": 285.1989269256592
    },
    "arena_5000_0.01": {
        "naive": 858.6965203285217,
        "optimized": 574.8610496520996
    },
    "arena_5000_0.05": {
        "naive": 12045.04019021988,
        "optimized": 9814.63074684143
    },
    "arena_5000_0.1": {
        "naive": 39750.81431865692,
        "optimized": 33811.929523944855
    },
    "arena_5000_0.2": {
        "naive": 134345.0561761856,
        "optimized": 128754.25553321838
    },
    "arena_5000_0.3": {
        "naive": 268529.74152565,
        "optimized": 264984.60590839386
    },
    "arena_5000_0.4": {
        "naive": 523437.8202557564,
        "optimized": 458809.53830480576
    },
    "arena_5000_0.5": {
        "naive": 906720.8327054977,
        "optimized": 790356.3822507858
    },
    "arena_500_0.01": {
        "naive": 8.352041244506836,
        "optimized": 4.834234714508057
    },
    "arena_500_0.05": {
        "naive": 24.242937564849854,
        "optimized": 13.869524002075195
    },
    "arena_500_0.1": {
        "naive": 58.25728178024292,
        "optimized": 43.845295906066895
    },
    "arena_500_0.2": {
        "naive": 142.14926958084106,
        "optimized": 111.84602975845337
    },
    "arena_500_0.3": {
        "naive": 365.5088543891907,
        "optimized": 291.573703289032
    },
    "arena_500_0.4": {
        "naive": 513.5883092880249,
        "optimized": 429.97729778289795
    },
    "arena_500_0.5": {
        "naive": 638.6682391166687,
        "optimized": 505.2639842033386
    },
    "arena_500_1.0": {
        "naive": 1851.0082960128784,
        "optimized": 1369.9985146522522
    },
    "arena_50_0.01": {
        "naive": 2.4633407592773438,
        "optimized": 2.6393532752990723
    },
    "arena_50_0.05": {
        "naive": 3.253936767578125,
        "optimized": 2.3667216300964355
    },
    "arena_50_0.1": {
        "naive": 3.0457377433776855,
        "optimized": 2.8946399688720703
    },
    "arena_50_0.2": {
        "naive": 3.414034843444824,
        "optimized": 3.1894445419311523
    },
    "arena_50_0.5": {
        "naive": 4.858136177062988,
        "optimized": 3.68422269821167
    }
}