{
    "arena_100_0.1": {
        "incremental_bellman_ford": 15.12704576764788
    },
    "arena_200_0.1": {
        "incremental_bellman_ford": 20.90317862374442
    },
    "arena_300_0.1": {
        "incremental_bellman_ford": 46.42772674560547
    },
    "arena_400_0.1": {
        "incremental_bellman_ford": 92.5288200378418
    },
    "arena_500_0.1": {
        "incremental_bellman_ford": 154.65426445007324
    },
    "arena_1000_0.1": {
        "incremental_bellman_ford": 913.2229260035923
    },
    "arena_2000_0.1": {
        "incremental_bellman_ford": 6177.400895527431
    },
    "arena_5000_0.1": {
        "incremental_bellman_ford": 90885.78282083783
    },
    "arena_100_0.2": {
        "incremental_bellman_ford": 14.375073569161552
    },
    "arena_200_0.2": {
        "incremental_bellman_ford": 44.87660952976772
    },
    "arena_300_0.2": {
        "incremental_bellman_ford": 113.85454450334821
    },
    "arena_400_0.2": {
        "incremental_bellman_ford": 236.8737288883754
    },
    "arena_500_0.2": {
        "incremental_bellman_ford": 463.0866050720215
    },
    "arena_1000_0.2": {
        "incremental_bellman_ford": 3055.612393787929
    },
    "arena_2000_0.2": {
        "incremental_bellman_ford": 22525.86569104876
    },
    "arena_5000_0.2": {
        "incremental_bellman_ford": 326519.058738436
    },
    "arena_100_0.3": {
        "incremental_bellman_ford": 19.535745893205917
    },
    "arena_200_0.3": {
        "incremental_bellman_ford": 70.18627439226422
    },
    "arena_300_0.3": {
        "incremental_bellman_ford": 202.74220194135393
    },
    "arena_400_0.3": {
        "incremental_bellman_ford": 446.533135005406
    },
    "arena_500_0.3": {
        "incremental_bellman_ford": 847.2591468266079
    },
    "arena_1000_0.3": {
        "incremental_bellman_ford": 5881.736074175154
    },
    "arena_2000_0.3": {
        "incremental_bellman_ford": 45922.279357910156
    },
    "arena_5000_0.3": {
        "incremental_bellman_ford": 703794.9995994568
    },
    "arena_100_0.4": {
        "incremental_bellman_ford": 25.348731449672155
    },
    "arena_200_0.4": {
        "incremental_bellman_ford": 108.64945820399693
    },
    "arena_300_0.4": {
        "incremental_bellman_ford": 333.7362493787493
    },
    "arena_400_0.4": {
        "incremental_bellman_ford": 749.6073927198138
    },
    "arena_500_0.4": {
        "incremental_bellman_ford": 1394.9905804225377
    },
    "arena_1000_0.4": {
        "incremental_bellman_ford": 10572.879484721592
    },
    "arena_2000_0.4": {
        "incremental_bellman_ford": 81865.06288392203
    },
    "arena_5000_0.4": {
        "incremental_bellman_ford": 1246505.9267997742
    },
    "arena_100_0.5": {
        "incremental_bellman_ford": 34.94420051574707
    },
    "arena_200_0.5": {
        "incremental_bellman_ford": 158.9332103729248
    },
    "arena_300_0.5": {
        "incremental_bellman_ford": 489.23516273498535
    },
    "arena_400_0.5": {
        "incremental_bellman_ford": 1134.5804691314697
    },
    "arena_500_0.5": {
        "incremental_bellman_ford": 2184.5537662506104
    },
    "arena_1000_0.5": {
        "incremental_bellman_ford": 18475.023555755615
    },
    "arena_2000_0.5": {
        "incremental_bellman_ford": 128681.30831718445
    },
    "arena_5000_0.5": {
        "incremental_bellman_ford": 2039392.2480106354
    }
}