{"time_to_complete_ms": 2.2399425506591797, "converged_in_steps": 10, "num_nodes": 100, "edge_probability": 0.1, "player_1_nodes": 56, "player_2_nodes": 44, "edges": 585, "sum_player_1_weights": 1575.975671311433, "sum_player_2_weights": 43.940996414346564, "min_energy_1": 52.69, "min_energy_2": 24.47}