{
	"time_to_complete_ms": 3299776.7140865326,
	"converged_in_steps": 966,
	"num_nodes": 10000,
	"edge_probability": 0.2,
	"player_1_nodes": 4984,
	"player_2_nodes": 5016,
	"edges": 10009198,
	"sum_player_1_weights": 13751173.65260639,
	"sum_player_2_weights": 8.407799965156562,
	"min_energy_1": 5463.08,
	"min_energy_2": 4.19
}
