{
	"time_to_complete_ms": 100508.40401649475,
	"converged_in_steps": 310,
	"num_nodes": 5000,
	"edge_probability": 0.1,
	"player_1_nodes": 2470,
	"player_2_nodes": 2530,
	"edges": 1255783,
	"sum_player_1_weights": 2046022.2536047257,
	"sum_player_2_weights": 15.840856182564842,
	"min_energy_1": 1650.53,
	"min_energy_2": 6.83
}
