{
	"time_to_complete_ms": 15.074014663696289,
	"converged_in_steps": 21,
	"num_nodes": 100,
	"edge_probability": 0.5,
	"player_1_nodes": 56,
	"player_2_nodes": 44,
	"edges": 2602,
	"sum_player_1_weights": 3708.2821439655536,
	"sum_player_2_weights": 1.106671719488725,
	"min_energy_1": 137.48,
	"min_energy_2": 1.11
}
