{"time_to_complete_ms": 0.41604042053222656, "converged_in_steps": 4, "num_nodes": 10, "edge_probability": 0.2, "player_1_nodes": 8, "player_2_nodes": 2, "edges": 17, "sum_player_1_weights": 52.12174728661232, "sum_player_2_weights": 1.3046949866178998, "min_energy_1": 16.91, "min_energy_2": 1.3}