{"time_to_complete_ms": 0.9031295776367188, "converged_in_steps": 5, "num_nodes": 100, "edge_probability": 0.05, "player_1_nodes": 56, "player_2_nodes": 44, "edges": 302, "sum_player_1_weights": 605.9182513351403, "sum_player_2_weights": 78.48472831993008, "min_energy_1": 25.87, "min_energy_2": 13.73}