{"time_to_complete_ms": 0.4830360412597656, "converged_in_steps": 4, "num_nodes": 10, "edge_probability": 0.5, "player_1_nodes": 8, "player_2_nodes": 2, "edges": 31, "sum_player_1_weights": 79.17261853305352, "sum_player_2_weights": 8.317182496454706, "min_energy_1": 17.0, "min_energy_2": 8.32}