{
	"time_to_complete_ms": 397754.802942276,
	"converged_in_steps": 492,
	"num_nodes": 5000,
	"edge_probability": 0.2,
	"player_1_nodes": 2470,
	"player_2_nodes": 2530,
	"edges": 2504220,
	"sum_player_1_weights": 3446969.5641723485,
	"sum_player_2_weights": 11.450707973660924,
	"min_energy_1": 2835.3,
	"min_energy_2": 4.19
}
