{
	"time_to_complete_ms": 1898501.1758804321,
	"converged_in_steps": 557,
	"num_nodes": 10000,
	"edge_probability": 0.1,
	"player_1_nodes": 4984,
	"player_2_nodes": 5016,
	"edges": 5009444,
	"sum_player_1_weights": 7894723.799872262,
	"sum_player_2_weights": 53.632680756577926,
	"min_energy_1": 3228.56,
	"min_energy_2": 9.77
}
