{
	"time_to_complete_ms": 2553.9798736572266,
	"converged_in_steps": 95,
	"num_nodes": 1000,
	"edge_probability": 0.2,
	"player_1_nodes": 486,
	"player_2_nodes": 514,
	"edges": 100737,
	"sum_player_1_weights": 128798.21191531222,
	"sum_player_2_weights": 5.0130551797186,
	"min_energy_1": 533.06,
	"min_energy_2": 3.13
}
