{
	"time_to_complete_ms": 2004733.197927475,
	"converged_in_steps": 956,
	"num_nodes": 5000,
	"edge_probability": 0.5,
	"player_1_nodes": 2470,
	"player_2_nodes": 2530,
	"edges": 6254747,
	"sum_player_1_weights": 6605726.903531895,
	"sum_player_2_weights": 2.349698870831851,
	"min_energy_1": 5386.04,
	"min_energy_2": 2.21
}
