{
	"time_to_complete_ms": 1703.005075454712,
	"converged_in_steps": 46,
	"num_nodes": 5000,
	"edge_probability": 0.01,
	"player_1_nodes": 2470,
	"player_2_nodes": 2530,
	"edges": 129137,
	"sum_player_1_weights": 266093.8004113221,
	"sum_player_2_weights": 446.09487211563834,
	"min_energy_1": 232.02,
	"min_energy_2": 14.21
}
