{
	"time_to_complete_ms": 39.01410102844238,
	"converged_in_steps": 20,
	"num_nodes": 500,
	"edge_probability": 0.05,
	"player_1_nodes": 261,
	"player_2_nodes": 239,
	"edges": 6597,
	"sum_player_1_weights": 13765.920054082628,
	"sum_player_2_weights": 68.3073310368973,
	"min_energy_1": 125.34,
	"min_energy_2": 11.74
}
