{
	"time_to_complete_ms": 11112.78486251831,
	"converged_in_steps": 75,
	"num_nodes": 10000,
	"edge_probability": 0.01,
	"player_1_nodes": 4984,
	"player_2_nodes": 5016,
	"edges": 508982,
	"sum_player_1_weights": 1096669.4117557283,
	"sum_player_2_weights": 387.978724709888,
	"min_energy_1": 466.14,
	"min_energy_2": 23.78
}
