{"time_to_complete_ms": 11148.040056228638, "converged_in_steps": 174, "num_nodes": 1000, "edge_probability": 0.5, "player_1_nodes": 486, "player_2_nodes": 514, "edges": 251142, "sum_player_1_weights": 248552.68544902894, "sum_player_2_weights": 10.7692992031688, "min_energy_1": 981.7, "min_energy_2": 5.62}